<?xml version="1.0" encoding="UTF-8"?>
<!DOCTYPE mapper PUBLIC "-//mybatis.org//DTD Mapper 3.0//EN" 
"http://mybatis.org/dtd/mybatis-3-mapper.dtd">

<mapper namespace="programMapper">
<!-- 상품 등록 -->

<insert id="upload">
INSERT INTO SAE_PROGRAM( PG_BNO
                       , PG_NAME
                       , PG_CONTENT
                       , PG_FILE
                       , PG_STOCK
                       , PG_STARTDATE
                       , PG_ENDDATE
                       , PG_BSTARTDATE
                       , PG_BENDDATE 
                       , PG_TIME
                       , PG_TYPE)
              VALUES( SAE_PROGRAM_SEQ.NEXTVAL
                    , #{pg_name}
                    , #{pg_content}
                    , #{pg_file}
                    , #{pg_stock}
                    , #{pg_startdate}
                    , #{pg_enddate}
                    , #{pg_bstartdate}
                    , #{pg_benddate}
                    , #{pg_time}
                    , #{pg_type})
</insert>



<sql id="search">
<if test="searchType != null">
  <if test="searchType == 't'.toString()">AND TITLE LIKE '%' || #{keyword} || '%'</if>
  <if test="searchType == 'c'.toString()">AND CONTENT LIKE '%' || #{keyword} || '%'</if>
  <if test="searchType == 'w'.toString()">AND WRITER LIKE '%' || #{keyword} || '%'</if>
  <if test="searchType == 'a'.toString()">AND WRITER LIKE '%' || #{keyword} || '%'</if>
  <if test="searchType == 'tc'.toString()">AND (TITLE LIKE '%' || #{keyword} || '%') or (CONTENT LIKE '%' || #{keyword} || '%')</if>
</if>
</sql>

<!-- 상품 수정 -->
<update id="programUpdate">
UPDATE SAE_PROGRAM SET
PG_NAME=#{pg_name},
PG_CONTENT=#{pg_content},
PG_FILE=#{pg_file},
PG_STOCK=#{pg_stock},
PG_STARTDATE=#{pg_startdate},
PG_ENDDATE=#{pg_enddate},
PG_BSTARTDATE=#{pg_bstartdate},
PG_BENDDATE=#{pg_benddate},
PG_TIME=#{pg_time}
WHERE PG_BNO=#{pg_bno}
</update>

<!-- 상품 삭제 -->

<delete id="programDelete" parameterType="int">
DELETE FROM SAE_PROGRAM
WHERE PG_BNO = #{pg_bno}
</delete>


 
<!-- 상품 목록 -->
<!--<select id="programlist">
  SELELCT 
  PG_BNO, PG_NAME, PG_FILE, PG_STOCK, PG_DATE, PG_TIME
  FROM SAE_PROGRAM
  ORDER BY PG_BNO DESC;
</select> -->

<!-- 프로그램 목록 -->
<select id="plistPage" resultType="programVO" parameterType="String">
SELECT PG_BNO,
       PG_FILE,
       PG_NAME,
       PG_STOCK,
       PG_STARTDATE,
       PG_ENDDATE,
       PG_BSTARTDATE,
       PG_BENDDATE,
       PG_TIME
FROM SAE_PROGRAM
WHERE pg_type = #{type}
ORDER BY PG_BNO DESC
</select>

<!-- 프로그램 총갯수 -->
 <select id="plistCount" parameterType="com.kh.saeha.vo.SearchCriteria" resultType="int">
SELECT COUNT(PG_BNO)
FROM SAE_PROGRAM
WHERE 1=1
<include refid="search"></include>
AND PG_BNO > 0
</select>

 
<select id="programread" parameterType="int" resultType="programVO">
SELECT PG_BNO
     , PG_NAME
     , PG_CONTENT
     , PG_STOCK
     , PG_STARTDATE
     , PG_ENDDATE
     , PG_BSTARTDATE
     , PG_BENDDATE
     , PG_TIME
     , PG_TYPE
     FROM SAE_PROGRAM 
     WHERE PG_BNO = #{pg_bno}
</select>

<select id="bookview" parameterType="int" resultType="programVO">
SELECT PG_BNO
     , PG_NAME
     , PG_CONTENT
     , PG_STOCK
     , PG_STARTDATE
     , PG_ENDDATE
     , PG_BSTARTDATE
     , PG_BENDDATE
     , PG_TIME
     , PG_TYPE
     FROM SAE_PROGRAM
     WHERE PG_BNO = #{pg_bno}
</select>




</mapper>