<?xml version="1.0" encoding="UTF-8"?>
<!DOCTYPE mapper PUBLIC "-//mybatis.org//DTD Mapper 3.0//EN" 
"http://mybatis.org/dtd/mybatis-3-mapper.dtd">

<mapper namespace="couponMapper">
<!-- 쿠폰 조회 -->
<select id="list" resultType="CouponVO" parameterType="String">
SELECT * FROM SAE_COUPON
WHERE COUPON_ID = #{userId}
ORDER BY COUPON_PRICE ASC 
</select>

<!-- 쿠폰 사용 여부 -->
<select id="useType" resultType="String" parameterType="String">
SELECT COUPON_USE 
FROM SAE_COUPON 
WHERE COUPON_BNO = #{bno}
</select>

<!-- 쿠폰 등록 -->
<insert id="registerCoupon" parameterType="CouponVO">
INSERT INTO SAE_COUPON(COUPON_BNO,
	  				   COUPON_ID,
	   				   COUPON_NAME,
	  				   COUPON_PRICE
	  				   )
	  			VALUES( sae_coupon_seq.nextval,
	  					#{coupon_id},
	  					#{coupon_name},
	  					#{coupon_price}
	  					)	
</insert>

<!-- 쿠폰 적용(사용) -->
<update id="couponUpdate" parameterType="String">
UPDATE SAE_COUPON SET
"사용완료" 
FROM SAE_COUPON
WHERE COUPON_BNO = #{bno}
</update>

<update id="used">
UPDATE SAE_COUPON 
SET
coupon_content = '사용완료'
WHERE COUPON_ID = #{coupon_id} and COUPON_PRICE = #{coupon_price}
</update>

<!--  쿠폰 타입확인(percent인지 price인지)
<select id="typeCheck" resultType="String" parameterType="String">
SELECT COUPON_TYPE AS type
FROM SAE_COUPON
WHERE COUPON_BNO = #{bno}
</select>

 쿠폰 상품확인(한복인지 굿즈인지) 
<select id="productCheck" resultType="String" parameterType="String">
SELECT COUPON_PRODUCT AS product
FROM SAE_COUPON
WHERE COUPON_BNO = #{bno}
</select>

 쿠폰 기간확인 
<select id="termCheck" resultType="CouponVO" parameterType="String">
SELECT COUPON_TERM_START AS termStart,
	   COUPON_TERM_END AS termEnd 
FROM SAE_COUPON
WHERE COUPON_BNO = #{bno}
</select> -->

<!-- 쿠폰타입(percent / price) 확인, 상품확인(굿즈 / 한복), 기간확인(지났는지 안지났는지) -->
<select id="checkall" resultType="CouponVO" parameterType="String">
SELECT COUPON_BNO AS bno,
	   COUPON_ID AS id,
	   COUPON_NAME AS name,
	   COUPON_TERM_START AS termStart,
	   COUPON_TERM_END AS termEnd,
	   COUPON_TERM_NOW AS termNow,
	   COUPON_PRICE AS price,
	   COUPON_PERCENT AS percent,
	   COUPON_TYPE AS type,
	   COUPON_PRODUCT AS product,
	   COUPON_CONTENT AS content,
	   COUPON_USE AS use
FROM SAE_COUPON
WHERE COUPON_BNO = #{bno}
</select>

</mapper>