<?xml version="1.0" encoding="UTF-8"?>
<!DOCTYPE mapper PUBLIC "-//mybatis.org//DTD Mapper 3.0//EN" 
"http://mybatis.org/dtd/mybatis-3-mapper.dtd">

<mapper namespace="pdreplyMapper">

<!--  댓글 조회 (등록은 안됨) -->
<select id="replyRead" resultType="pdreplyVO">
SELECT PY_PNO, PY_WRITER, PY_CONTENT, PY_DATE FROM SAE_PDREPLY WHERE PY_BNO = #{PY_BNO}
</select>


<!-- 댓글 작성 -->
<insert id="replyWrite">
insert into SAE_PDREPLY(PY_BNO, PY_PNO, PY_WRITER, PY_CONTENT) 
values (#{py_bno}, SAE_PDREPLY_SEQ.NEXTVAL, #{py_writer}, #{py_content} )
</insert>

<!-- 댓글 수정 -->
<update id="replyUpdate" parameterType="pdreplyVO">
UPDATE SAE_PDREPLY SET PY_CONTENT = #{py_content} WHERE PY_PNO = #{py_pno}
</update>

<!-- 댓글 삭제   -->
<delete id="replyDelete" parameterType="pdreplyVO">
 DELETE FROM SAE_PDREPLY WHERE PY_PNO = #{py_pno}
 </delete>
 
 <!-- 선택 된 댓글 조회 -->
<select id="selectReply" resultType="pdreplyVO">
SELECT PY_BNO, PY_PNO, PY_CONTENT, PY_WRITER, PY_DATE FROM SAE_PDREPLY WHERE PY_PNO = #{py_pno}
</select>

<!-- 답변 등록 -->
<insert id="pdreplywrite" parameterType="pdreplyVO">
INSERT INTO SAE_PDREPLY (PY_BNO, PY_PNO, PY_WRITER, PY_CONTENT)
VALUES(#{py_bno}, SAE_PDREPLY_SEQ.NEXTVAL, #{py_writer}, #{py_content})
</insert>

</mapper>